TweetID,MisinformationAspect
1344392759709368320,3
1344519682796130304,4
1344625496965976067,1
1344770503014297602,3
1344530658346102784,1
1344691087164653571,4
1344369296017936387,3
1344341669244792833,4
1344573389067984899,3
1344341795883409414,4
1344693328730677255,4
1344388261842624512,4
1344420840843128832,4
1344424137280942084,4
1344604956322639878,4
1344364467170078720,3
1344365268458295298,3
1344472812728197121,4
1344524920491966465,3
1344753195696975872,4
1344430286315139074,3
1344335929050341378,4
1344746378501746707,4
1344635307916980225,3
1344794752819077123,4
1344341888820785153,4
1344322085909192704,4
1344683758734241797,3
1344786755606740992,3
1344365136052539392,3
1344647628852781059,3
1344431248261963776,3
1344403543361527818,3
1344337694906843144,4
1344616336685674497,4
1344703890315382784,4
1344601101908254720,4
1344356553437155329,3
1344383132326371328,3
1344323006718480384,2
1344554417736077313,4
1344336290456752129,4
1344377363908472832,4
1344446284439031808,3
1344378088789073920,4
1344546290491772929,3
1344415277728100360,3
1344731663490666496,4
1344507680489017345,4
1344496116814008320,4
1344365533232308235,3
1344736773302267904,3
1344386839076089858,4
1344790296119422980,4
1344531579465576451,4
1344726216230674433,2
1344552808331284483,4
1344559692564078592,3
1344740289274003456,2
1344520072111468546,4
1344346908773539840,3
1344687361968451584,2
1344669481197572098,4
1344386836987322368,4
1344709040195166210,3
1344651421686390785,4
1344404166756753408,3
1344392631934214144,4
1344618103783755776,4
1344363843384987649,4
1344569347105300482,3
1344619006716760065,4
1344480535540682754,2
1344732311967985665,1
1344689636615073793,4
1344576592740286466,3
1344342490472722433,4
1344331718648619013,4
1344610405474328576,4
1344668380331188229,3
1344113218948452353,4
1343842372229197825,1
1344233615073406977,2
1343930445931700224,4
1344164465487429632,4
1344273950017286149,3
1344202704558571523,3
1344151455087865856,4
1344276902710812672,3
1344317329828671488,4
1343939448283811843,4
1343931287858524162,4
1344123569727438849,4
1343944756578160640,4
1343980468031680512,4
1344077334182289411,4
1344298446430347264,4
1343888087294701575,3
1344198557012815874,3
1344302844170674176,3
1344202639911710726,3
1343939791109369856,1
1343949904272613376,3
1343919821180776451,4
1344203098453995520,3
1344222108713324544,3
1344109662115913732,3
1344275671615483904,4
1343972904074178561,3
1344313403242852353,4
1344251454140383232,4
1344193924362100736,4
1344074808796078081,4
1344240252790202368,4
1344065146658971653,4
1343996577770328076,3
1344246579641933824,4
1343904747854639104,4
1344090650048749568,4
1344131638133927936,4
1344055170557071360,3
1344129397889110018,4
1344195567631564805,4
1344202966094458881,3
1344277717483720705,4
1344254470528626690,1
1344071678876413953,4
1344305948840652801,4
1343927257295802368,4
1344207072594960384,4
1344123130059640833,3
1344299311950131203,3
1343851104707047426,4
1344321469266817027,4
1343964325116071936,4
1344084987528708096,3
1344127134583959552,3
1343919318686441475,4
1344031907462443009,3
1344236437026332678,4
1344217747522281472,3
1344271098729390081,3
1344213238737756160,4
1344057301154467840,4
1344044578941370374,3
1343865402552684544,3
1343985311320317952,3
1344287938859986945,4
1344097011956473856,4
1343500785720696833,4
1343604372756959234,2
1343740781731844096,4
1343552928188084228,3
1343432024124743680,4
1343650532418793472,4
1343557700106383360,4
1343627266643927041,2
1343645110521769984,4
1343653095604178945,3
1343811538151477249,3
1343545715549597697,4
1343377873961418753,4
1343733489263390720,3
1343747291362910208,3
1343580839146385408,4
1343542677317459968,3
1343531702874988546,3
1343790850980110338,4
1343710902458212352,2
1343372493407436801,4
1343404909744386048,3
1343740319981064192,4
1343722405852798976,4
1343692792959299584,4
1343590410996760577,4
1343731984879808515,4
1343756972450050048,4
1343589525646237697,4
1343338610653876224,3
1343622159642456066,3
1343530913532153863,4
1343629178969710597,4
1343533435961430017,4
1343666985830383623,2
1343737204418502656,3
1343691906585403392,3
1343785150543441921,3
1343671523303948293,4
1343722638108200966,1
1343603667081969666,3
1343713125212688384,3
1343760840332353536,3
1343340238287101954,4
1343359899816714241,1
1343365013034119174,4
1343615796828749826,4
1343744840043999233,4
1343727817033478144,1
1343643592229851141,4
1343730720070488065,3
1343830266540748807,4
1343647001376780288,3
1343820940036202496,4
1343372862246113280,4
1343661843273949187,1
1343744051816742912,4
1343601249543843847,3
1343756829030023168,2
1343664547769548808,3
1343719241027973121,3
1343752286632357891,4
1343402320315392001,3
1343381390134554624,4
1343540555498868740,3
1343419448443641856,3
1343509378163482624,4
1343453107049562114,4
1343816346954559488,4
1343347913464946688,2
1343626534062608385,3
1343217738152464390,3
1343035155359789057,2
1343318118228258816,1
1343189682872582146,4
1343254182610915328,3
1342902265988796421,3
1343292143377346560,4
1342820374275379202,4
1343237506829963264,4
1342724107973124096,4
1343107477160800256,4
1342649883044548611,4
1342881846846255109,1
1343225326344650760,4
1343186209393270784,4
1342693193016459265,4
1342992313392369664,4
1343289966671978498,3
1343156499204325376,2
1343299647310331905,3
1342981939783983110,4
1342989480060477441,2
1343293634532163584,3
1343067731441147904,2
1342760972008579072,3
1342939598515650560,3
1342811387458953216,4
1342854035641143301,1
1342899821741547523,4
1342995849564069888,4
1343191059959062528,4
1342882734943961089,3
1342837341073846282,1
1342642741927432195,4
1343295247632228356,4
1342689008535539713,3
1343237495992037378,4
1342872440850980865,3
1343191066426667009,3
1343133497775558660,3
1343259786490634240,4
1343106274670608384,3
1343203199658950656,1
1342940672513495043,4
1343111030654820353,1
1342647297377775617,4
1342622908468879368,3
1342768603767033862,4
1342890383928303616,4
1342874894766387200,2
1343300826199019521,2
1343295731730419713,4
1342886190052077576,4
1342796407477039104,3
1343237879435128832,4
1342892919775223811,3
1343260101046652929,4
1343180684454748160,3
1343108685426548736,3
1342817268712005632,4
1342862901221203969,1
1343262591624368134,3
1343223930799194115,4
1342926164982177794,3
1342941880980545536,1
1343249499783880706,4
1343257563484332036,2
1343035170862092288,4
1342731020630589440,4
1342556600805040129,4
1342123742214942721,4
1342522260733657090,3
1342097794774011905,4
1342102867168157696,3
1342488752002801671,1
1342609019349950469,3
1342171719847604225,4
1342529765719339013,4
1342135067829817345,1
1342569787768012801,1
1342545804888829955,3
1342276911100092416,1
1342102330704068610,3
1342115303455662082,1
1341952767355740160,2
1342064627962834945,3
1342261125077999618,4
1342312548641726464,3
1342438331267895297,1
1342397089792155648,4
1342112014215233537,4
1342062507884744704,3
1342517367251886081,4
1342165130247888897,4
1342323392888893440,3
1342217533965791233,1
1342179390575308801,3
1342246797754982403,3
1342340513001840648,4
1341990653341933568,4
1341949488836042754,1
1342352371528003585,1
1341967636725424128,4
1342143097115914240,2
1342087656520339457,1
1342547906889478144,3
1342083510241259521,4
1342139409043513344,3
1342323368624680961,3
1342533514059649029,3
1341950378879844352,2
1342211718659764225,3
1342049591559073793,4
1342228963154915330,4
1342201319340257286,4
1342585603825618944,4
1342189899705794560,4
1342323431103029248,4
1341937351942053888,3
1342169590311206913,1
1342135966669045760,4
1342181426926653445,3
1342001130151165952,3
1341923480036511744,1
1342188159766065153,4
1342346960313978885,4
1341962697873776642,4
1342418092719304705,3
1342294953829941248,1
1342278775648747523,1
1342428794313973761,3
1342303332103315456,3
1342144701466632192,4
1342048040006332416,2
1342455397483999234,4
1342018763697348610,4
1342155036789338112,4
1342522948641558530,4
1342559880972914688,3
1342465939799998464,4
1342094864176082946,2
1341812079284670466,4
1346885692031438857,4
1346896844501213197,3
1341887815727124480,3
1346966514444824576,2
1346898915006664704,4
1341851264259338242,3
1346901537885458434,3
1346960601470414851,3
1346909685538983936,1
1346963543426359302,1
1341908914972069888,1
1341895537147006977,3
1346969109129383945,4
1346895141852893191,1
1346892448950325250,4
1346937464162635777,4
1341811501087244289,4
1341765483071201286,4
1346899065355841542,2
1346886784752508938,3
1341836823954337792,4
1346963627581050882,3
1346904022830219270,3
1346964073922121734,3
1346904199213117450,2
1346933326649573376,4
1341759632243650561,3
1346891155234033664,3
1346960986285113345,4
1346877972981153793,1
1346891290630213633,2
1341848302590038016,2
1346969301643911168,4
1346966016396578820,4
1346902049548619776,4
1346901863380054016,2
1346956633327476737,3
1346948867762257927,4
1341887574969868288,3
1346954174550994947,1
1346969754616156162,1
1346891744391139329,4
1346963254157979649,2
1341758368361398272,4
1346863530025381891,4
1346905229854441474,3
1341913613464973313,4
1346958872502800387,1
1341882609173815296,4
1346881215379369984,1
1346901159353737216,2
1341802805640765444,4
1346964683345940482,2
1346893672806313984,1
1346889535406403587,2
1346964919376355333,3
1341920641851805696,3
1346888958567981056,3
1346916513719189509,1
1346824336728944648,4
1346790006828969984,1
1346614477949702151,4
1346566232900857863,1
1346832834162536448,2
1346804794376249345,3
1346801693409865730,4
1346639904361521154,4
1346619594472091648,3
1346620317909667840,3
1346821807282790403,4
1346840228464496640,3
1346657431057821696,3
1346811674934841345,4
1346615121624223744,3
1346635896360198145,3
1346793581743386624,3
1346602778525896704,3
1346677915233234944,3
1346845169363132416,2
1346794706492137478,3
1346682160665788422,4
1346599882614829056,4
1346706779447590914,4
1346686323004825601,3
1346775369744064513,4
1346750572901380097,4
1346592464669433863,2
1346826021262209025,3
1346610626781581313,4
1346567128078495748,3
1346797412736790530,3
1346583108108361730,3
1346644275048677377,4
1346587360046276608,4
1346856286504120320,4
1346834220329693190,3
1346679640337870848,3
1346605394332946432,3
1346562533264527360,2
1346726849787752448,1
1346591013893251078,3
1346614539165511680,3
1346578976613965824,3
1346843581563064320,2
1346596877769318406,3
1346768048703811586,4
1346557934684176386,4
1346820746891374594,3
1346562215042822144,2
1346862109238419456,1
1346852469431795714,4
1346854260487688193,4
1346607193341243394,3
1346578821680664578,2
1346652753377034246,2
1346829117728153606,3
1346602454779981824,3
1346714799032307712,2
1346629765164371969,3
1346763524891156480,2
1346699485917929472,4
1346589291644796928,4
1346772007367544838,3
1346681132943777792,3
1346809014336761856,3
1346815763131346944,3
1346863529077436416,4
1346806221043589120,2
1346634997940301831,2
1346737148028805121,3
1346831644716658688,3
1346816297057845249,3
1346341709660131331,4
1346391457456934912,4
1346538820741849089,4
1346453820872814592,3
1346525334703902720,3
1346537883432345601,3
1346304522155667458,4
1346379449613377537,3
1346460012130967553,3
1346496869866721281,4
1346551576853426177,3
1346349654229790720,2
1346370789176651776,4
1346432331259785216,3
1346321494637481984,3
1346291616231919617,2
1346466641308229632,3
1346502498085990402,3
1346457809144213507,1
1346354989849972737,3
1346290404774334464,3
1346526135396556803,4
1346258223876083713,2
1346493879634317317,3
1346350854056468481,3
1346490982729093120,4
1346365640299298817,4
1346505362137096192,4
1346277228594802688,3
1346423349841457153,4
1346515801021566977,3
1346323182094057472,3
1346389115957252096,3
1346552112784805890,1
1346389262984486913,3
1346424503858044930,3
1346534485593088000,4
1346494023134011393,4
1346344148874498049,3
1346365656569143297,4
1346428278832312321,4
1346365337097261057,3
1346462021429174273,1
1346532703622094849,4
1346545311536324610,4
1346425075235311622,4
1346269570303188992,3
1346429238380011521,4
1346252533946220544,4
1346408898060808198,2
1346497290798772224,4
1346368592627994624,3
1346522146588090368,3
1346550889654444032,3
1346363280122662913,4
1346431128958332933,4
1346546156969619457,4
1346458424599482368,3
1346361588362706946,4
1346549586521948163,2
1346401800799334401,4
1346256723686924289,3
1346441203072565248,2
1346509699244548097,3
1346519607335649280,3
1346404456636805120,4
1346318833238175744,4
1346549490883457024,2
1346486688521072641,3
1346280185537191939,3
1346261172723572737,4
1346368866285355008,4
1346398991689236480,4
1346491103625678848,4
1346233718738923526,4
1346122165691822080,2
1346063525177929728,2
1346232843685552128,4
1346226008488366081,4
1346102824250314760,1
1346190911563321350,3
1346005629882626049,4
1346116161407242241,4
1346070174210945026,2
1345938819304964097,4
1346070788315594752,4
1346193662988976128,4
1346149318814797825,4
1346106990578331650,4
1346191855382388736,3
1346007477796577281,4
1346203269111144450,1
1345950693455138817,4
1345992947968434176,4
1346199222337630209,3
1346073303203500032,4
1346203480088846336,4
1346074883600605187,4
1346216688111403010,3
1345969265745174528,4
1346196014609395713,2
1346169706403803147,4
1346250450887008258,3
1346074652892930050,4
1346216572810125312,2
1346053963548930049,4
1346080189197987841,1
1346088015710584833,4
1346158504738922496,4
1346106762395602946,4
1346096090555314180,4
1346206890372591617,3
1346250533858811906,3
1346193645989474304,4
1345929473347252230,3
1346006066530639873,4
1346137950833287181,2
1346172067213807616,3
1346081643958685697,2
1346187007060570117,4
1346238705942540290,4
1346088829153923076,3
1346161199671508992,4
1346004775473717249,2
1346002273281961986,2
1346105353059115015,2
1346095819309645824,4
1346129401675718656,3
1345958143273013248,4
1346191529916903427,4
1346006114475810817,4
1346151279827959808,4
1346221767493226496,3
1346248448878772225,2
1346045122719322114,3
1346191389667819526,4
1345927788654698496,4
1345935367992705024,1
1346098459653398528,2
1345975550276472833,4
1346059233075163136,4
1346069576027676672,3
1346132919002263554,4
1346167708346425348,4
1345907588655841281,3
1345724586667749379,4
1345610693727440897,4
1345672812967690243,1
1345668354858754049,3
1345771578693398529,3
1345547389072003072,4
1345610109620080641,4
1345863152039124992,4
1345794635134873602,4
1345581493427470336,1
1345646167779119106,4
1345838586290196489,2
1345752373592010752,3
1345540308717641729,3
1345616755717144576,4
1345681190569844738,4
1345577019246047233,3
1345863292774985729,1
1345742381522378752,4
1345727720454582274,3
1345626902548123649,4
1345842610934575106,3
1345790535534059521,3
1345595214686269440,4
1345789454921981957,3
1345889979134849027,1
1345785731856412673,4
1345662242558271489,4
1345607157878820866,4
1345771641113083905,3
1345536391292231682,3
1345812942491693059,4
1345786216923467779,2
1345727346519621639,4
1345582001378656256,3
1345775550502211592,4
1345560169451839488,3
1345743773159075840,4
1345844350459101184,4
1345813582638948359,1
1345881795611545600,3
1345503545240403968,3
1345757507319443457,3
1345774038350667778,2
1345858573268606976,2
1345666694375739393,4
1345744215569965058,4
1345786526387507201,2
1345647436170031109,2
1345817490916581379,4
1345863705372844038,1
1345524251365933062,1
1345746471040282625,4
1345725450010636288,4
1345651554448068608,4
1345612500730077185,4
1345569543414976512,4
1345840631957086211,4
1345858811786096647,3
1345686656867659776,4
1345765074657542144,2
1345533556043390976,4
1345712273382387718,3
1345520741270368264,3
1345738876384497664,4
1345815500538994689,4
1345712707148914689,4
1345821380944785408,2
1345168573501726728,3
1345417536544890880,4
1345468774758146050,4
1345334330927808513,4
1345161803484037120,4
1345248296068132864,1
1345132826098860033,3
1345437422499336193,3
1345059060387901440,2
1345152591257284615,2
1345226531958829058,4
1345167513580167169,4
1345279500058148864,3
1345452277063041024,4
1345282467377254403,3
1345082993296236545,3
1345325632704684033,3
1345135075386658816,4
1345487004386156553,4
1345336923326455808,4
1345213276355842049,3
1345481271120543744,1
1345283518151192578,3
1345128609678319624,4
1345115191399235584,1
1345493383788322819,3
1345179448073728002,1
1345058459822256128,1
1345105244720652288,4
1345323750212870144,4
1345048255785279496,2
1345428170686820354,4
1345384947251519488,2
1345392096392441858,4
1345322621202821120,4
1345187297189388308,4
1345457449029910528,3
1345160922520809473,4
1345437743682301953,3
1345236456126689281,3
1345273245201821699,3
1345454101572759554,1
1345401236254728193,2
1345105816089669632,4
1345301259394445312,4
1345299501565706240,4
1345207143784460290,3
1345314232297025541,4
1345400086659018752,3
1345275135260061696,2
1345411950327590919,4
1345222891097509889,3
1345190655128121344,4
1345299328181661699,4
1345457945098809350,4
1345397201418108928,1
1345328480393826304,4
1345480935052103686,2
1345243138714120192,4
1345432569777692674,3
1345275145372446721,2
1345390981340942338,4
1345285091807805440,4
1345050880056434689,4
1345255338472333318,4
1345500773027897344,4
1345168028057612289,4
1345331259552231425,4
1361003193149378560,4
1361008928117690376,4
1344990564400431104,4
1344888958610714624,3
1361085035366019081,2
1360999904538071043,4
1361078012607873024,1
1344815245198565376,3
1344992095875047429,4
1361019165008625689,3
1361014358940205056,3
1344999203894865922,4
1344800590447054848,4
1361093267891314692,3
1345017113027731462,4
1361096091857539073,3
1361053972514172929,3
1361057435797000192,3
1344801481791303688,4
1344853470772248582,4
1345030971041738752,3
1361075066226823170,4
1361009897488359426,3
1361003708268630020,4
1361096066339385344,3
1344896331978997762,3
1360990388731990018,3
1345001498015633414,3
1361096213664129027,4
1345038826117455879,4
1361058666359775233,3
1361008840968462338,4
1345020355312758785,4
1361037791786766336,4
1345041102080888833,1
1361094797465972744,3
1344844807307288578,3
1361009317592272897,3
1361009489621745664,4
1361047972935442432,3
1361049633842212876,4
1360999007447904256,2
1344801292275884033,4
1361023649751441412,3
1344926578342584321,4
1344992197289136138,1
1344895892730638341,2
1344804941253275648,4
1345032703553515520,2
1345018147976458249,4
1345040244668837891,3
1361002394633527302,3
1360988856108126211,2
1344923774509056002,4
1361097536333873156,3
1361092788352385024,3
1360994423002320900,2
1361068035524583424,3
1361098538042679296,3
1361031297427202051,4
1361020871796797445,3
1361045324538740744,3
1344988996540243970,4
1344905924545294337,2
1361019126609682433,1
1345021395579895810,3
1361097327918931975,3
1344855037097504768,4
1344964032386760704,3
1360710820263587848,4
1360905092749221888,1
1360828575654547457,4
1360692796454223879,3
1360745429609152516,3
1360784463601483779,3
1360630103420633090,3
1360621843334504452,2
1360669631451660294,2
1360929839901982720,4
1360625157543391234,2
1360669330711728133,2
1360671330362945538,3
1360908666333921289,1
1360649061016227840,4
1360764880979193856,4
1360759919650234369,4
1360905493389053964,1
1360675400976891904,3
1360679995983724548,3
1360953915924176898,4
1360819563508752385,4
1360741467497488387,3
1360954438916198400,4
1360827360782688257,4
1360849929162420224,2
1360904786103721991,3
1360968777731612676,4
1360912262819627009,4
1360735258396610563,3
1360621172950507527,3
1360851821086924802,1
1360956648114765827,4
1360875625460862976,4
1360668970911748099,3
1360966649806008322,4
1360769694018502659,4
1360941159074390016,3
1360669797982347264,2
1360633817418104837,3
1360944768260349959,1
1360763397155950593,1
1360617504792580097,1
1360922385516556290,3
1360964905847971846,4
1360673391028633612,1
1360729625811419141,4
1360774268313866242,4
1360722466897821696,3
1360689033001639944,2
1360693219651125256,4
1360686818765795334,4
1360937436281507842,1
1360888043163500546,3
1360654515859574786,4
1360674087891263497,3
1360851253199327236,4
1360891656619372545,3
1360640981931094021,4
1360933351515906053,3
1360735294794858502,2
1360893276409257990,3
1360620431875706881,2
1360669930249736194,3
1360668350003748869,2
1360937581857431553,3
1360589331002499073,3
1360607312310861828,3
1360326079819448331,3
1360328713452326914,4
1360323764588859392,3
1360524496721960962,3
1360568063708463107,4
1360598183576010754,3
1360443541550366724,3
1360306820422639620,4
1360347253358084100,1
1360280699807424521,4
1360608072515911680,3
1360410448168910854,4
1360574207948693505,4
1360567316065492994,4
1360515224370053120,3
1360320921375035393,2
1360589410560069634,4
1360457196987969536,3
1360604748714569730,4
1360533963417214979,3
1360318148134772741,4
1360396575235784712,3
1360290923603767305,4
1360504492584808448,4
1360535263894716416,4
1360371772386729987,3
1360602116872691717,3
1360289327306084352,4
1360494344487190531,3
1360316229769125891,3
1360323507356377096,2
1360509235826749442,3
1360397358303969281,4
1360615971443073025,2
1360368852543148033,4
1360472994573737987,3
1360298085298151429,4
1360510533577957377,4
1360377536467894272,4
1360521892889833472,3
1360420168049041409,3
1360355290454118401,1
1360352024970280963,4
1360425277264982016,3
1360390441682796549,1
1360437112135294983,3
1360445888443858944,1
1360291027433660417,4
1360388963630870535,3
1360492343271505923,1
1360605563785207814,3
1360597471387385864,1
1360480365543047170,1
1360317628343087114,3
1360396570819256320,4
1360326954742808578,3
1360462356485144577,3
1360549341220507649,2
1360521160211972096,1
1360579282955829248,3
1360548480083775488,3
1360523781614170114,4
1360568810718298115,3
1360240025229737985,2
1360074922815492099,3
1360012484934045698,4
1360236221453238275,4
1360229855615471616,3
1360221456458801155,1
1360187814340616192,4
1360009756598018053,1
1360219330651250688,4
1360249485486604292,4
1360257265056514056,3
1360239040067489798,3
1360012969946603520,4
1360008353196474373,1
1360019849657913344,3
1360271296496627724,3
1360035358671572992,3
1360055391288102915,4
1360021396877959169,4
1360204652042665985,4
1360081108101066753,4
1360235458068897794,2
1360209278896906246,4
1360171535898718209,4
1360277532424081408,3
1360004662775095298,2
1360223766492499973,4
1360268628835328003,4
1360162142574542853,4
1360225098934980612,3
1360073888642830341,2
1360002522631471104,3
1360213832350785539,4
1360063967830368263,3
1360135126282346496,4
1360121912647553026,3
1360017783438868483,4
1360222015517560836,4
1360263823089823746,1
1360200463681994755,2
1360233664999788544,1
1360269971486515205,4
1360207785653370881,4
1360229015999684610,3
1360011680483336194,4
1360258395895439363,1
1360073674296938496,4
1360044021918232583,3
1360132094911995905,4
1360262072299180033,3
1360024994907045888,3
1360119657630490629,3
1360271744465002505,3
1360182252978667523,4
1360266989298569222,3
1360215527776526341,4
1360264526659264516,3
1360227235001688065,2
1359971051158056961,1
1359987932988375043,3
1359896118784630791,1
1359946948342673410,3
1359965808164749315,3
1359989820601294857,2
1359857317769056259,3
1360000387017760770,4
1359830840990068737,4
1359992734799560715,4
1359924325504196610,3
1359775316185522180,4
1359889093480632320,3
1359973429743505411,3
1359848809531142149,3
1359904132442816523,3
1359958037679779842,1
1359942888558194688,3
1359822240406269954,4
1359925135172636679,4
1359915022072360961,4
1359888799359246338,3
1359927992240209921,3
1359768973605294082,4
1359811212796657664,4
1359981965311680513,1
1359955421231017984,1
1359892433044201474,4
1359879281753563136,3
1359824126517665792,4
1359969271644839941,4
1360000117491683329,2
1359960237713862657,4
1359871381475905537,4
1360001042864214019,4
1359936737192075264,4
1359752770421739524,3
1359944992836444161,4
1359845242787291136,4
1359990339398959109,2
1359954265511317506,4
1359935045222424576,4
1359880313078431752,4
1359768413032353792,3
1359804445853429760,3
1359754479227265026,4
1359875501003853827,2
1359904420214022145,2
1359778543173967878,4
1359952597466161154,2
1359927811939700742,3
1359919670216843267,3
1359831938853310471,4
1359884891350044677,2
1359954297748811778,2
1359503899388968963,1
1359486980137058305,4
1359720708268429313,3
1359438142231769089,4
1359465554415935488,3
1359560698007867394,4
1359489002722582528,4
1359580317346979840,4
1359733866035085312,3
1359598570589061130,3
1359579306951757825,1
1359638738482040837,3
1359618850799689728,3
1359668932727177219,4
1359582516303257600,4
1359645602750038016,4
1359547057514573824,3
1359605196368838656,3
1359696385579364355,2
1359524777002733572,1
1359534015963922433,3
1359630004758470656,2
1359487859879731200,1
1359693548937826305,1
1359662216086245378,3
1359423621874221064,2
1359545850179977217,3
1359532151792939011,3
1359542310304952321,3
1359537175793176583,4
1359700011785846784,1
1359445019472654336,2
1359649020059267074,4
1359434772204965889,3
1359674063787032576,3
1359701223138496513,1
1359589250774097921,3
1359601121665429506,3
1359572036046249989,4
1359527887217577987,3
1359428772445978625,4
1359580356148670478,3
1359669404632457219,3
1359693733994840064,4
1359425142317809664,3
1359496068992491524,1
1359461146693165058,4
1359715394097922052,3
1359576341037936652,4
1359689184752136195,3
1359484117155463171,2
1359722627061985280,3
1359500751228305410,4
1359546910433026055,4
1359473621228421122,4
1359520097572802563,3
1359740836527837186,3
1359527946571120641,3
1359507684018552832,3
1359646928556982273,1
1359736988971143169,1
1359518900094959616,3
1359443554297401348,3
1359716528447496193,4
1359625818453004295,4
1359236100540289025,3
1359342618300329985,4
1359103049751486473,4
1359183567629279242,4
1359217012082368514,3
1359158139866783749,4
1359298878961557506,4
1359247624742838274,2
1359264228377579520,4
1359151125778354183,3
1359327504243306498,3
1359359158366031874,4
1359186809721393152,2
1359124906546520064,3
1359282203352592384,4
1359276681631039495,4
1359098436163956740,4
1359229902239711239,4
1359175149724041218,3
1359370796024561668,4
1359384618663747584,1
1359248786074333187,3
1359232423578501125,3
1359218648313905157,1
1359243007346814981,3
1359254027461144579,4
1359124118562570240,3
1359195989601566722,3
1359187684091125761,1
1359288045565054978,2
1359125191343935492,3
1359372863401295874,4
1359318607994486785,3
1359304100207337473,3
1359313319551762434,4
1359364249924104195,1
1359279334297653251,3
1359293739592785922,3
1359213826487570444,3
1359232505828700163,4
1359154728794542088,4
1359168760930779139,4
1359192286857490434,4
1359342814841208834,4
1359310065614913537,4
1359242118221467651,3
1359127871252488192,4
1359334696736456711,2
1359170361632432128,4
1359239156774371336,3
1359230383288705028,4
1359323499165327361,2
1359323411072319494,3
1359319359550808066,2
1359224064573849608,3
1359230667020640257,4
1359257066678800384,3
1359195187759710211,3
1359323514134618114,4
1359296908292980738,3
1358978399855853570,4
1358986564584550403,4
1358956818916118529,3
1358899271941111809,4
1359051372449136641,2
1358983862009942017,3
1359063286327762945,1
1358887527009116170,4
1358880614066384896,4
1358839543080898571,3
1359036073826004992,3
1359095702324936705,1
1358916290220609537,4
1359032961623031809,4
1359079864754708482,1
1359075928727572481,4
1359025656135356420,3
1359008434784469001,3
1358984093506162691,3
1358927620411449354,4
1359054681889267713,4
1359003488559239169,4
1358872934195089414,4
1358853377594175490,2
1358899074469158915,3
1358842039304032258,3
1359026138820001794,1
1358944899169619968,3
1359090094603403266,3
1358993999827062788,4
1359063444935344128,3
1358839084077187084,4
1358841724227887106,4
1358859197895557120,3
1358960155589660672,1
1358893755932278784,4
1359089917792518144,4
1358837570738733066,4
1358907697081458689,1
1358818581320990722,4
1358865041165025280,3
1359081952305938433,1
1359096245575446531,4
1358824766589841417,1
1358914519087501312,4
1358835529119334402,3
1358839219406450690,1
1358843410141110282,4
1358837324604407808,1
1358852106850074624,4
1358843754166308865,4
1358858754779979780,3
1358860859624329216,3
1358872370606448640,3
1358851547338338307,3
1358894667698429952,4
1358920974826143753,4
1358851768722071552,4
1358902079595577344,2
1359041241967517699,3
1359048458120941569,3
1358987857944272903,3
1358902240015241217,3
1358498381887283200,4
1358692925706825728,4
1358532343003234306,4
1358617652286136321,2
1358479715099676672,2
1358574926584717313,1
1358715191240892417,4
1358799940802125824,3
1358697503277875200,3
1358796135758925824,4
1358723562169896961,1
1358629790576570370,3
1358486738679791617,4
1358808065919897602,4
1358631630487887873,4
1358601256047153152,4
1358554393272934401,3
1358522142711767040,4
1358507041975767042,3
1358585695250640899,4
1358519985405005825,4
1358655689711845377,3
1358494694456635392,1
1358759588598845441,4
1358605894049816576,1
1358480953124007936,4
1358772448313937923,3
1358495770517921795,2
1358744041245073408,3
1358611568242655234,3
1358784039998603264,1
1358714268502405127,4
1358595603861811205,4
1358490556087767040,3
1358749095905615876,4
1358622355594088450,3
1358617102228324358,3
1358567185657004039,4
1358794893741592579,4
1358494510901153792,4
1358769685492346880,1
1358793075770855424,4
1358810525736464384,1
1358574203302260737,4
1358562924793651202,1
1358497034634887169,4
1358671272574599168,4
1358707293144055809,4
1358562516817874945,1
1358728781196845058,4
1358547733548851201,3
1358553564717723653,3
1358743987344076800,2
1358511588475621377,4
1358666562438389762,4
1358742419114766337,4
1358545840428650499,4
1358619212890075137,4
1358732588341465090,4
1358505844174966785,2
1358576269185736704,4
1358736022255902721,3
1358763723507179520,1
1358615424053563396,4
1358571288181227520,1
1358705679696097282,4
1358666361988382720,1
1358705739934621696,4
1358352512596795395,3
1358326012342280192,4
1358354835624636420,4
1358409418447024130,3
1358285751625027585,1
1358280957514551298,1
1358232465626648576,4
1358356664991289345,1
1358311589405990912,4
1358431616595595264,4
1358373783967592452,4
1358267913552150531,4
1358474678990491650,3
1358210604100702208,3
1358356498825564178,3
1358349398078599170,3
1358388465482616834,4
1374148760465510400,4
1358403015611453441,4
1358316564391501824,4
1358206974647762958,3
1374139466865020931,2
1358378069610950657,1
1358346044963176448,1
1358409520935010306,4
1358274432352067584,4
1358314475359662080,4
1358449673988673538,4
1358472534698692615,4
1358384380465545216,4
1358254310283501569,3
1358261440419921927,3
1358420072650444812,4
1358255472575467522,4
1358287021010259979,3
1358377818980298754,4
1358349851508043776,3
1358404813290168324,4
1358393852604932099,3
1374144531755536385,4
1358441409527898117,4
1358399567465762816,3
1358204289865424897,1
1374143559683731465,1
1358471255817670661,1
1358218855408099328,4
1358211210865434625,3
1358206828409159680,3
1358428934703046656,3
1358422829625131010,3
1358476096589684736,4
1358355582290432005,4
1358373011452289027,4
1358408128715501568,2
1358326404614676481,3
1358312597825572871,4
1358478207700336642,3
1358315052743467008,4
1358251404129800195,3
1358425829798207488,1
1358287542932692992,4
1358421255834071040,3
1358348951188045830,4
1358352725059141633,1
1374147956308328448,3
1374142981893144576,1
1374142071846678531,4
1358462285765898248,4
1358320717209759746,1
1358371744118104064,3
1358464684593213450,3
1374122986920415233,1
1373771440609239043,3
1373802915249410050,4
1374012886599733256,1
1373816326293090314,1
1374043929314664448,4
1374054992319946753,4
1374125469155610625,3
1374064948871979011,3
1373908765506945026,4
1374047932186517506,4
1373990829749059584,4
1373929255680286722,3
1374100759785185284,1
1373904398871633923,4
1374036142471835654,4
1374122461399298048,3
1374105458290659329,4
1373759142201061389,4
1373756661014355968,4
1373775550192492544,3
1374036990853808135,3
1373985576987332614,4
1373943787609681925,3
1374118939727306752,4
1374046871535153157,4
1373859425354706948,3
1373755686794883072,1
1373988610266038277,1
1374007736799784963,1
1373852635724349442,3
1374036523696422915,4
1373749418952945665,4
1373816968319528963,4
1374080642581946373,1
1374016382409539584,4
1374042618053722118,3
1374050270779297794,2
1374114415444951042,4
1373929095826976769,1
1374085204546088968,3
1373792108172173316,4
1374046303995494400,4
1374056287248474112,4
1373975948127834121,3
1374101396719595528,4
1373869980735975425,1
1373761820150861826,1
1373824651286220802,3
1374115984965988352,4
1373763631511445507,4
1373842822978101252,1
1374064328320552961,4
1373824979050053635,4
1374057208284069896,3
1373749053725495307,1
1373970646443565060,3
1374134852316921859,3
1374032005252415498,1
1373926559208247300,1
1374115051125108736,4
1373987623992197123,4
1374016935231377413,1
1373946626960723971,4
1373922525005090818,4
1374047709389148163,1
1373931760468254721,3
1373995822040383489,3
1373626192088158211,4
1373603979662331906,3
1373416628721967105,3
1373673293354516491,4
1373741374021902336,3
1373646113778102274,4
1373651001144532998,1
1373361798129197058,4
1373527702053867520,0
1373745480191119371,4
1373720327956619264,3
1373577294741127168,4
1373631955179294724,4
1373601156212097029,1
1373670985082286081,4
1373649819193942020,4
1373476912874545152,1
1373632676503117825,1
1373610961186267137,1
1373452866866798598,4
1373580580806332419,3
1373616934697197569,3
1373632089116016648,1
1373431866435502084,1
1373606408797749253,4
1373592514641469441,1
1373467854729846788,1
1373629183088340992,3
1373432266437713920,4
1373582017963683842,4
1373393109254569989,3
1373446631346028545,4
1373498215304167426,4
1373668731075825665,1
1373665919017353223,1
1373441718465523719,1
1373368349535596544,4
1373647063024611329,1
1373683889181429761,4
1373694783756111874,1
1373713456600334342,1
1373634556440510471,4
1373683946693787648,3
1373605971310882816,4
1373579209373782017,4
1373641116470349830,1
1373365323383119875,4
1373364243639234564,4
1373653006915407878,4
1373612777051455490,3
1373642669994483716,1
1373405930952474628,1
1373500105186283520,1
1373579599137943554,3
1373660077656309769,3
1373650796907089925,3
1373376280989741058,3
1373429018796625923,1
1373644979390791684,1
1373737180795858944,4
1373439970204061697,2
1373739342183682048,3
1373626733899960325,3
1372994030016024582,1
1373322764623486977,4
1373210904192499713,3
1373078707498258433,4
1373151151416254468,4
1373144789441507329,1
1373219522837118976,3
1373208519206387714,4
1373138209278922758,1
1373240153670574087,1
1373336172655689733,4
1373347510228459520,3
1373161181133860864,2
1373039010717835271,4
1373129374078226434,3
1373310322266804227,3
1373316577429487619,4
1372950460689158151,1
1372954448012611584,3
1373257154178777088,1
1373270047657918469,1
1372955472165277696,1
1373359822175883264,4
1373287008785813506,1
1373347522777907213,1
1373325295277723659,2
1372986967831420929,3
1373105934189350914,4
1373228996524138496,1
1372965533470109699,1
1373337466728546308,3
1373272118453014531,4
1373184662101704704,2
1373295815280766982,4
1373357600616689676,4
1373114201707663361,1
1373028448847998976,4
1373168220623024132,1
1373317938019770372,1
1373217216355831808,1
1373296168281722880,4
1373335831046459394,4
1372998962328657922,1
1373346142944120836,4
1373334598118150147,4
1373306028968787975,1
1373268705568784384,4
1372961016317947912,1
1372972830627930127,3
1373321648393355267,1
1372989735333998597,4
1373081192174608389,1
1373190084724457473,1
1373021660006260741,3
1373239401933836292,2
1373027919728156673,3
1372987521030713346,4
1373033336659181568,1
1373140948134338563,4
1372994227391639554,3
1373332532343750656,1
1372971901472153607,3
1372990735377698818,1
1373252560908382209,4
1373327219364356105,4
1373333375906353155,4
1372754806058577920,1
1372938914927808515,4
1372911257666326529,1
1372696118010650626,3
1372616640228159488,1
1372880605801816064,1
1372896104631652353,3
1372725786478833668,4
1372691092630605825,3
1372604944985944065,1
1372712774955102208,1
1372872176018284544,4
1372650920584998916,1
1372614600185765889,3
1372627896892678144,4
1372724292266385408,3
1372792154670571524,3
1372704919568805888,3
1372880333205557251,4
1372632781713510401,3
1372869546688704513,4
1372652419742642183,2
1372780548918190085,3
1372713688776466432,3
1372605786178920448,3
1372700837043183620,1
1372921752146296836,1
1372895879594643459,4
1372732346257002496,3
1372733541889372167,3
1372918758847754244,3
1372816215924703237,3
1372927841235574786,1
1372706138664312832,3
1372731558218625028,4
1372796839561293824,4
1372672724951298051,1
1372883261106556935,1
1372686809818357765,1
1372676269465202688,4
1372834881101778946,3
1372671522914058247,4
1372645590673285125,4
1372941487961370624,1
1372803646971252751,3
1372884722918031361,4
1372842219997163521,3
1372704673757601798,4
1372933120807165956,4
1372754404458209280,4
1372898416339062788,4
1372717065509998598,1
1372675665137401856,4
1372644652902387717,4
1372788612794777614,4
1372699948366585856,4
1372653358968934405,2
1372924492876554244,3
1372669476685107204,2
1372757431185338374,1
1372622754160242688,1
1372691284469583878,1
1372893985455345666,4
1372336731664568328,4
1372343645400133634,4
1372376780888231936,4
1372356320330985472,4
1372331481142595584,4
1372389288046817282,1
1372580575450521609,4
1372316579996766218,4
1372427564774473728,4
1372353198963494916,1
1372559185301372928,4
1372324654354993153,1
1372354561650872321,4
1372415676950974464,3
1372588839047475202,1
1372346398658719747,1
1372391086480560128,3
1372484768605044739,4
1372365335395901440,3
1372480051510448130,4
1372320806290796548,3
1372538786173816835,3
1372422989527060480,1
1372540526575095813,1
1372466943299620866,1
1372523807739629571,1
1372541960372764672,1
1372333153218617345,4
1372514682926374913,4
1372411090232033280,4
1372541123403612164,4
1372458275896197121,1
1372502164950630401,2
1372371295678042115,4
1372421201105190915,4
1372491362923376643,1
1372391706394558464,3
1372332414488354820,1
1372566176627183619,1
1372512863282139136,4
1372588614652198917,4
1372351176256131072,4
1372565093519560718,1
1372590933645131779,3
1372356905713217536,4
1372505442895736832,3
1372345163436199938,4
1372367281351712770,4
1372429030809608195,3
1372575465148448771,1
1372354567438884867,3
1372454735882588160,4
1372543418623221762,1
1372330652226482177,3
1372330981626146825,4
1372303026338340864,4
1372369616236871683,3
1372570018051940354,4
1372370141204381697,4
1372311237460123651,2
1372429182144106497,1
1372341233079701515,1
1372482393085460485,1
1372329178859761665,3
1372341231351570434,4
1372481708466040838,1
1372557546163220481,4
1372520961942167554,4
1372542092929601540,4
1372232024510115853,3
1372293029659353094,4
1372141620619976705,4
1372231336136687628,3
1372276138937085952,4
1372154094278836227,1
1372142706353438720,4
1372297791150551042,3
1372235339222384653,4
1372216603589316609,4
1372134950137397250,3
1372287012057841668,4
1372278737803296769,4
1372280527089188864,4
1372151381369442305,2
1372156480082821120,3
1372191891056386049,4
1372278847387930632,1
1372247211787001861,3
1372295803637760000,4
1372299164349005834,4
1372218342300340227,1
1372167906822385667,3
1372278263633022980,3
1372187188604121092,4
1372279935658823680,2
1372289752825700355,4
1372248724345356290,3
1372248414558154754,3
1372260258798796800,1
1372274048936288256,1
1372282594923003905,4
1372261002301956100,4
1372282581912289282,3
1372160867505176579,3
1372183769172606977,1
1372198247482146818,3
1372175883880964103,4
1372301804726329347,4
1372241021837443074,3
1372186065054883846,3
1372261306485649408,4
1372136789503315974,4
1372175090121605122,1
1372167522707980289,1
1372237441541627904,4
1372279366030344197,4
1372205689439928321,1
1372147949690568720,1
1372179731861401601,4
1372156648773595137,4
1372237039484207112,3
1372232489243193344,1
1372286906873090053,4
1372269464050356225,1
1372299394838564870,3
1372252055281209350,1
1372223348428713989,3
1372228870552875008,4
1372159185719267333,3
1372175178298429446,4
1372150099908964354,1
1372242021130309634,4
1372245172294139909,1
1372245417321136129,1
1372184775168045060,1
1371949333478662144,1
1371852314231902210,3
1371883382905389056,4
1372099781292613636,1
1371997796111314947,4
1371876398030155777,2
1371857261639954435,4
1372001966746955778,1
1372069934029737984,1
1371967929466560513,1
1372014339729752066,4
1371893698993090562,3
1371980873931849728,3
1371875100648149000,4
1372054735423954947,1
1371880623401398276,2
1372107114047496195,3
1372000240300142593,4
1372026942921277441,3
1371950545624199172,4
1371929008376487936,3
1371993941139148800,3
1371977446598279169,4
1372105748109492226,4
1371921466741071872,4
1371852029136662539,1
1371885696013721600,1
1371933914462363651,2
1371871734379515905,4
1371926153536098308,4
1371885095213268993,4
1371902879947186184,4
1371925833472958465,3
1372076578239307778,3
1371906132860542977,1
1371852739433656323,1
1371937150506307584,3
1371858666987606017,3
1371860710406246400,4
1372084380915601409,3
1371887354789703687,1
1371989452235620356,4
1371906180965048323,2
1371902931025473545,2
1372129060936065024,4
1372125256119418883,4
1371901715306414085,4
1371925946928930818,1
1372109762444333058,1
1372008757438287872,3
1371888930149269516,4
1371918707677626372,1
1371889355866918914,1
1372027710298595329,4
1372104491802230793,1
1371897408414744576,3
1371857238093135879,4
1371972024046813187,4
1372037328399523841,2
1372027496225443840,4
1371950813614985217,4
1372120035683098626,3
1371982189034897408,3
1371872728580567048,1
1371992758265597952,3
1371930290084581377,3
1372016072942059520,1
1371996430106128385,1
1372132556276166656,1
1371867720321531908,4
1371898140014567425,4
1371974477035171841,3
1371997808111149058,2
1371976407090393088,1
1372006347420659713,4
1371853147904303105,1
1371949606834036739,4
1371799616807637002,3
1371810810415116294,1
1371825069400395781,1
1371829429018750989,4
1371694552898281472,1
1371634546584731650,2
1371819547272093701,4
1371835914935279619,4
1371747591352946689,4
1371837434590326787,3
1371765160264761347,1
1371841709781487636,4
1371645693442600960,3
1371798220511268864,3
1371785926762848261,4
1371772274492239872,4
1371766712819978241,1
1371715514947473411,4
1371623935712882691,1
1371825185842663424,1
1371690820173238272,4
1371610570982498306,3
1371580491795685383,3
1371838083453358083,3
1371738100599242752,2
1371680676412555264,3
1371823135977275393,1
1371829951792484357,1
1371695363699081216,1
1371733867133071363,3
1371580106972524552,3
1371802190197579781,1
1371694055550255107,4
1371708319451189249,4
1371733033263509506,3
1371751274425823234,4
1371806009509998593,4
1371819668101492739,4
1371843501026111493,3
1371821366274621443,1
1371824917138837509,4
1371605344674320384,4
1371781681825333249,3
1371719269143166976,1
1371757891930230793,4
1371658177780011009,3
1371810978292203520,3
1371605969680150533,3
1371839508824649743,1
1371790645879259140,3
1371850518134411265,1
1371642875478298625,2
1371662434512076800,4
1371782981111713793,4
1371819265972699136,3
1371809294375616513,4
1371750910402121729,2
1371653500510351360,1
1371774267415789568,1
1371613884822458376,4
1371597679747166209,2
1371746674629021696,1
1371824403227492360,4
1371600283588038658,2
1371844087637282819,1
1371676241691033601,1
1371735501640761344,1
1371762252932648960,1
1371842017429483525,4
1371641949187420164,3
1371791207622443010,3
1371806643059576838,2
1371675677435424768,4
1371509800375312391,2
1371544786813865985,2
1371379269402775553,3
1371329000178511878,1
1371291702791667714,3
1371456474266877955,4
1371265561825579008,1
1371515012859191297,4
1371294182497775619,4
1371291709477421056,3
1371413947828555776,1
1371283199997906946,1
1371428160072470528,4
1371459107887091714,3
1371274208618029059,1
1371501613345603597,4
1371422106152534019,4
1371331401384042500,3
1371392020288266241,4
1371477299309248513,1
1371550475691114496,3
1371492451530199041,4
1371479654608044032,2
1371504406429061126,3
1371304694375534594,3
1371460100624367617,4
1371470247107133442,4
1371550920421437445,4
1371445523434078210,3
1371539132791595011,4
1371513818749136897,3
1371317504237207552,3
1371422329146728454,4
1371495348112396298,4
1371275511503020034,1
1371557888322367495,4
1371469495680655373,1
1371483920500412422,3
1371466007282323458,2
1371290152069390338,4
1371439772997156866,4
1371490499954114567,3
1371577962269716485,3
1371282146489417735,1
1371461136390963200,4
1371408104550715393,2
1371492641922240515,4
1371396859705577473,4
1371562423786815491,4
1371402164782964738,1
1371501760188182533,4
1371506548204244994,1
1371295759392473089,1
1371526506544037890,4
1371450425740820484,4
1371316119160639489,1
1371384271882100736,4
1371562195637702657,3
1371573359180455950,4
1371481561082818561,4
1371490202619842562,1
1371560432972992513,2
1371574056613412864,1
1371570369002307588,2
1371544360119119874,4
1371527286839726085,1
1371487248240287748,1
1371564089248419843,4
1371544401084833795,3
1371459645567610882,4
1371482662620250119,4
1371550192206376961,1
1371498279909867527,3
1371457093367074829,4
1371558042899251211,1
1371407912866877441,4
1371354907454763010,4
1371554286086234112,3
1388275329999937543,3
1388199991169200129,3
1388238985600905219,4
1388276883549085700,2
1388199519897128962,3
1388130785253761027,4
1387968046812237825,2
1388037747923894272,2
1388147074990940160,4
1388172706261049345,1
1388161855294566400,4
1388131116528373769,4
1388031643433140224,4
1388107485844840450,3
1388261189646536705,3
1388165568084185101,3
1388143037516107777,4
1388245336615964672,3
1388152990641557509,3
1388240571098181638,4
1388207641583783936,3
1387974758940037122,3
1388115426048036870,1
1388261370068668422,4
1388143736299868165,4
1388230580211433474,4
1388211401659932677,3
1388132022242086912,4
1388203779145838594,4
1388224917401915394,3
1388190248249675777,4
1371253930785714181,1
1388026468639428609,3
1388157229828820995,3
1388227303298248707,3
1388137333057368071,3
1388274580574375939,2
1388083959775510529,4
1388261209233821696,4
1387990840543387652,3
1388185238682042372,3
1388155549645254661,3
1388274500173656064,4
1388231212897079308,3
1387956531530981381,3
1388267786112098306,4
1388211741704671236,1
1388159613309120514,4
1388008601373986817,3
1388104415345876993,3
1388086797557813250,3
1388156362320875528,3
1388246797403889666,2
1388190150639988736,3
1388232558106882052,3
1388248229788233732,3
1387979971881099269,2
1388266517184274435,3
1387951354736521221,4
1388213366754250757,4
1388278841131601922,4
1371261225271758850,4
1388012290562138115,4
1387875081376784387,4
1387915961676836865,1
1387909091591348231,3
1387797135454875650,3
1387846621757640708,4
1387820936846626817,1
1387878500611280905,3
1387898868793151496,3
1387896023624859650,1
1387747393865539591,3
1387715209402454016,4
1387902998395985923,4
1387937887430270978,3
1387769051049611264,1
1387701851861229569,3
1387810607051821065,4
1387833605817344001,4
1387743114580963330,4
1387740767565668352,3
1387779840724570123,3
1387822485748465673,1
1387818982263164929,1
1387879128074964994,3
1387771442012504071,4
1387879892981854208,3
1387822985680244743,3
1387911458844037120,3
1387821360391593986,1
1387697377545490434,3
1387681649668804610,3
1387771278241697793,4
1387795102853120001,3
1387795334970200070,3
1387825295261114368,4
1387815637796343812,4
1387797050243403776,3
1387883838676905984,4
1387729442370424834,1
1387803255711875072,4
1387791827583918084,1
1387792479467024394,3
1387724701988909059,2
1387689065152061440,3
1387754055104176132,3
1387853813105577984,4
1387881133598195714,4
1387765433843990531,4
1387944697390268419,3
1387850871950688259,3
1387820245092503554,1
1387841455734018056,3
1387721638268002304,4
1387769190631854080,3
1387919509445435392,3
1387788845681360896,3
1387731989537693696,1
1387941088887861250,4
1387812100278472709,3
1387721587290411008,2
1387726812516536325,3
1387877392081989636,3
1387889241661665280,1
1387911224961081345,4
1387796814607179781,2
1387858633220927492,3
1387771580969795587,4
1387765437186953217,4
1387726899883937792,4
1387816073295286274,3
1387943259041935360,1
1387365549265637376,4
1387449576689479680,1
1387555421003534338,4
1387479583637843975,3
1387418604811980805,3
1387456211860131841,2
1387620172131749892,3
1387440088083173382,3
1387638058992824325,3
1387618039944802304,4
1387472914304352260,1
1387303094006992896,3
1387534049430880261,1
1387338178068197376,3
1387423665197826056,3
1387311843413221379,1
1387455069692510215,3
1387430069296111618,3
1387661756177162240,3
1387518797523951617,3
1387432736206442498,3
1387409719447457794,3
1387443290228674563,3
1387487057233256455,4
1387418512084328453,3
1387451160609624068,4
1387497079119904772,1
1387388296695844865,1
1387661021230231553,4
1387401121933807616,3
1387424008304357385,3
1387531470462353412,3
1387611732332343296,3
1387287182222708736,4
1387496146109673473,3
1387461658390319105,4
1387388816294440960,4
1387528775693332485,3
1387384262421356550,4
1387447047587049472,4
1387508231942049796,3
1387380371520692224,4
1387552314546958336,1
1387416489620344841,3
1387570928553504771,3
1387328237219557377,3
1387491867848179716,2
1387552811471175680,1
1387645082296332288,3
1387331401662406656,4
1387342461496868864,4
1387474478473650180,3
1387372558937427968,4
1387375936182493189,2
1387468143312965639,4
1387443647222796295,4
1387411854524354564,2
1387451038429483012,3
1387357640414564355,1
1387387879136038916,1
1387426939724574720,3
1387349199369474049,3
1387417262714466304,4
1387386758258647041,4
1387530498298191873,4
1387375881945948162,3
1387629500113039362,2
1387227020891987973,1
1387168431791869956,1
1387280233636708352,4
1387100336427524098,4
1386975043280949248,3
1387018772964429824,4
1387240476722417667,4
1386931933066588162,1
1387182050948571137,4
1387065161966657539,3
1387166312473014274,4
1387066509642534916,3
1387233990663360512,3
1387148412336869382,3
1387278530937974785,4
1386922540937867264,3
1387141782329245701,3
1387167996783828992,4
1387153836880678913,3
1387251854329921538,4
1387156475059982336,3
1387068387155595266,1
1387104489706901504,1
1387008294108254212,3
1387097405376524290,4
1386915061810204674,3
1387264612370767875,4
1387181397736034305,3
1387040258223755269,1
1387250144395993095,3
1387143285379043328,4
1387201046397730819,4
1387259895532036097,1
1387172949694697473,3
1387089865750286341,4
1387230688156393477,3
1387049641414250506,3
1387150345684480003,1
1387147531188981763,3
1387261353329496071,3
1387057129165578246,4
1387155661516156928,1
1387109920001118209,3
1387008436152541184,3
1387114851038793730,4
1386971312955043841,4
1387264253170634754,3
1387111031776940033,3
1386968646644273155,4
1387274090604417025,4
1387025801632157698,3
1387031502685446145,3
1387134340778405888,4
1387227384865296388,4
1387062971344596993,3
1387079220094898177,4
1386742074549153794,2
1386653180583350273,4
1386737405491916801,1
1386488205529141248,4
1386692598891433989,4
1386425777407762432,4
1386657657726152711,1
1386685075241197578,4
1386744858887528448,2
1386447955234856964,3
1386866226870296576,3
1386483407014744066,4
1386642193410969606,3
1386655927001038848,3
1386564193625780224,3
1386617184596725760,3
1386783867315490816,4
1386803850531639298,4
1386914663062024194,1
1386447543018479618,4
1386714442843361282,4
1386611349527179266,3
1386729985134628865,3
1386517218125516800,3
1386686698025783299,3
1386518259617259521,3
1386867262527737857,3
1386648256353128451,4
1386808112368295937,3
1386512639342174211,3
1386799409288122368,3
1386749052746969089,1
1386571768614248448,3
1386825717699293188,4
1386469229730357260,1
1386533707658391554,4
1386763215552536579,3
1386558804536565760,4
1386908745750302721,3
1386442011155128321,4
1386767064686268421,4
1386887508961660931,1
1386806016319295491,3
1386850906835021826,3
1386644335580651521,1
1386768647847284736,4
1386889711306739721,2
1386812450889113603,2
1386899731918385156,3
1386824422670147585,1
1386879292487917570,3
1386870263552389124,1
1386640762406948866,4
1386906672019427330,3
1386816209417478145,4
1386756798150070277,3
1386894503030796292,4
1386826388485722113,3
1386429133996109833,4
1386614659726315521,4
1386666296461430793,2
1386353288656867328,3
1385989379718516740,3
1386090956831825920,1
1386023072550072324,1
1386362219181477889,1
1386318825772048385,1
1386264141006995457,1
1386149807983501315,3
1386176436650659841,1
1386065280447700995,4
1386065501554724868,4
1386377762089357318,1
1385977823450607617,2
1386031664309149702,3
1385991618654834689,4
1385985714702200833,1
1386360115578773504,4
1386335136132763656,1
1386017471023431681,3
1386370426973130752,1
1386089628139020289,3
1386283573330731008,3
1386184773488439304,1
1386009554123583492,3
1386343354796060679,1
1386190745833517056,1
1386038632495124484,1
1386291950240903170,3
1386073061569417216,3
1386051235837534208,1
1385980005436452873,1
1386032649005903875,3
1386382457834967045,4
1386298911690616838,4
1386203903646068747,1
1386379919253405701,4
1386085811645452298,1
1386409890130788352,4
1386245397392216065,4
1386029903477460993,1
1386139749723877377,3
1386338485657812993,3
1386045948254511105,4
1386165093759660033,2
1386104235570438146,2
1386351105785880578,3
1386077753565319169,3
1386405671625658370,1
1386268160853221382,4
1386017027043831810,1
1386021981947039744,4
1386387598084648960,4
1385982334990635013,2
1385992254402203654,4
1386065838290051073,3
1386350318456242182,3
1386334999692124161,4
1386104521055772672,4
1386140936703332356,3
1386332484262977537,4
1386243866110595072,3
1386090431423795200,1
1386199822877696001,1
1386381950978383873,3
1386025800105959425,3
1386132543443976193,3
1386093292077690880,3
1386008818060955649,3
1385709263729971202,3
1385659060314415104,4
1385957738262368259,3
1385755724458995715,3
1385771372299706369,1
1385848351825010694,4
1385778690332581891,1
1385916080430981120,1
1385860638182871042,1
1385606731930116099,3
1385863651274395648,2
1385942881748271105,3
1385628760305664003,1
1385780008141000706,1
1385952718175588352,3
1385653710899064834,3
1385927877909262340,1
1385755446091341828,1
1385775096720240640,1
1385890512968765442,3
1385892399340212227,3
1385791518187851778,1
1385606562832519168,1
1385702521377857538,2
1385917423774171138,4
1385951191872462848,2
1385745569927335937,3
1385740399625457665,4
1385919842423877633,3
1385623352996421634,4
1385630947941486593,1
1385711857927819265,1
1385913830572703744,3
1385691670495350784,3
1385755927299690500,3
1385952513258516484,4
1385951657222189059,3
1385764822864723969,3
1385708745624334341,3
1385602015003357186,4
1385641866977325060,3
1385674152107933698,3
1385774891471839235,4
1385949670740987904,1
1385793631173414917,3
1385606166936436737,1
1385957041634676738,3
1385780198143008770,3
1385865644579737602,3
1385945070080339969,3
1385975111140925445,3
1385608963505414147,3
1385737565811052544,2
1385956775531212801,1
1385944607628795905,3
1385662015604199425,3
1385881932634918915,3
1385903449448099841,3
1385888051579260929,1
1385773492021436422,3
1385712882738999297,3
1385625637071642626,1
1385757501124091907,3
1385732414580789248,1
1385892702508752903,3
1385653639637704706,3
1385960758840676356,3
1385550215340453891,4
1390424512420892678,2
1385424957895811074,4
1390439979105472512,3
1385431238656237573,3
1385564413021900802,3
1385406360746086406,1
1390428553813139458,3
1390449660171522050,3
1390451857009659909,4
1390430575652085760,4
1385580435187683331,3
1390439444080115714,4
1385597065116459008,3
1385488533285187586,4
1385544905397780480,3
1385495785161166851,3
1390436511427047426,3
1385447038368747529,4
1390445593936502785,4
1385437560260857856,3
1390435066107498500,3
1385555096239583233,3
1385544690468941828,3
1390444410995974148,2
1390442500280791042,2
1385441115373932546,3
1390454152212385792,4
1385584824224714756,3
1390430609512800259,3
1390451538376732676,4
1390441052624941056,3
1390450105636073474,4
1385404474320113664,4
1390432757323608068,3
1385409021679599617,3
1385514873413464068,1
1390441722728099845,3
1385536150744354817,3
1385498819673067521,4
1390449037891964929,3
1390451518877229057,3
1390438051759919104,4
1390451906552737795,3
1390429566997516290,2
1385509882510680064,4
1385460050773356545,1
1385435523838201859,4
1390427099945635840,1
1390422948578795524,4
1390435059463860224,4
1385581362225328130,4
1390453718978502657,4
1385406603428515846,4
1390440924069650435,4
1390381342265909248,3
1390322139606228998,4
1390410045482020871,4
1390391896506347529,3
1390354438976512000,3
1390387646753554432,4
1390333407318532100,4
1390394201897148416,3
1390281903375269890,3
1390392774411829252,4
1390288323525103621,4
1390309492034658313,3
1390393121318522884,3
1390342736406925315,2
1390370158347051010,3
1390302789331558401,3
1390346494696361985,3
1390362950569906180,3
1390367260481626114,3
1390385997590847491,4
1390404054124224520,4
1390330313381928964,4
1390298821192736768,3
1390356426913030147,3
1390277570323783681,2
1390419196576735233,3
1390320280057237505,4
1390316507683491847,2
1390275682941423624,3
1390348588522246148,3
1390378326166933504,4
1390312747062087683,3
1390375428771094529,4
1390391571183554561,4
1390313690520563714,3
1390413856749543431,2
1390356751808188427,3
1390403253502988301,1
1390340599761543171,4
1390373863301664768,4
1390346245277900801,3
1390288777088798724,3
1390323660129513478,3
1390320936612622336,3
1390374597082685446,4
1390400466446700546,3
1390369485375295492,4
1390300091936743430,3
1390381186237800461,3
1390306742265946112,3
1390334328308183044,4
1390343661930549251,1
1390366736633925633,4
1390299147861823498,1
1390324330702114818,3
1390408487939710978,4
1390331308476231680,1
1390408251964002306,3
1390316618018746374,3
1390355382179147782,4
1390330392234782723,3
1390321000961675272,4
1390299539026989059,4
1390146172225048577,3
1390238582158331905,1
1390149267222843392,2
1390141966986354688,4
1390135939977162754,3
1390258152868884483,3
1390106702700326917,3
1390260985743695872,4
1390090555930169351,2
1390073589521551360,4
1390238835922149377,1
1390098541847224325,3
1390171104254246912,4
1390228161280020489,1
1390174858076590081,3
1390214549467541507,3
1390108341234540547,1
1390260819489816582,2
1390153447354208257,3
1390150573807128579,4
1390076072478314497,4
1390164534627692546,2
1390168004634284032,3
1390272446859603977,3
1390116119470428161,2
1390074623249821701,3
1390147817507676167,4
1390274696881528832,3
1390273954980548617,3
1390069784943812611,4
1390069789989560324,3
1390200057153134592,4
1390135554554187776,3
1390096065852891138,3
1390083273964064768,4
1390166012717273089,1
1390156176583630849,3
1390076260953595906,3
1390193695450820608,4
1390112459109842946,3
1390153551922417665,2
1390138287218696195,1
1390154930002874370,3
1390149743859302401,3
1390107182398640129,4
1390147972718022664,4
1390090072171565058,4
1390205306899243008,3
1390075463045947394,3
1390094361094889472,3
1390147812831031300,2
1390237443442450437,3
1390099329835323395,3
1390271300757827584,3
1390233490386341894,1
1390131285717360642,3
1390274305225789441,4
1390091471584387072,3
1390206974634176514,3
1390231222144675842,3
1390202892548820993,3
1390087466929983490,2
1390160759452098561,3
1390118596584656898,4
1390079216230838277,4
1390085162961080326,1
1389972287613509633,3
1390043253148463105,3
1389987672870080517,3
1389984618145882113,3
1389994545597779970,2
1390046606104297473,3
1390051294165880832,3
1390016597348294660,4
1390018344271683589,3
1389979840338616328,3
1389995684095483906,3
1390035696077971456,3
1389972321474076686,2
1390032721200701447,4
1389950972055674885,3
1390013439414833153,3
1390027330664472578,1
1389954160741789697,4
1390033334147772416,4
1389983782242078724,3
1390026699790770184,4
1390057386094780420,3
1390031568270467079,4
1390016132124454918,4
1390001868894474241,3
1389950903071948801,4
1390030731489865728,2
1390037784488988674,4
1390023632722743296,4
1389983025518219275,4
1389962503497584642,2
1389977646621208580,1
1390061168522371077,4
1390028032664997890,3
1389998030762516481,4
1389971115926298625,3
1389983305060204551,3
1390029462792777728,4
1389994786526961664,4
1390039072131878914,4
1390014367119335425,4
1389975703286784002,4
1389969694866788353,3
1390024224006414339,2
1390012583118319616,4
1390038228950913024,3
1389984845133193216,3
1389948054510264322,4
1389964185728167936,3
1389963793329967105,1
1389982617739702273,4
1390035261246017548,4
1390042861215830017,4
1390023757759188995,3
1389970200947216385,4
1390063639315505162,3
1390018206132318208,3
1390059223124414470,4
1390044042419974145,4
1390004289200820230,3
1390043918591537157,3
1390025751689408516,4
1390032521996406788,3
1389947944204476419,4
1390021198055022593,4
1389985332809146371,3
1389947575348826117,4
1389995354565791744,4
1389937039064408064,4
1389924806787751938,3
1389870651293507586,3
1389777380634472448,3
1389929124316188676,4
1389939688060854272,0
1389909491353886724,3
1389910862337650692,4
1389765786315730944,1
1389926467044356096,1
1389795112671010819,2
1389751032104820747,3
1389903462410997762,4
1389796161427361794,3
1389802134003228673,3
1389794523103047683,3
1389871743297363968,4
1389930871701090306,4
1389767251990126597,4
1389928615907774467,3
1389803740803178498,3
1389764016549949441,3
1389826907768868864,4
1389748807911579656,3
1389873901149229062,1
1389842945214406665,4
1389853042401447938,4
1389758342663483393,4
1389837467847692290,3
1389824413881622532,3
1389906646646857735,4
1389880007481298948,2
1389946928335630341,3
1389788592063582211,3
1389917919283355652,1
1389880683980410882,3
1389938045072379912,2
1389824868686864387,3
1389920237886132225,4
1389874639007100932,4
1389942089614598144,3
1389919974215491586,3
1389747520180396034,2
1389746431691476993,0
1389748954095628288,3
1389920076850159624,3
1389867929848647680,3
1389936802996408324,3
1389938944905711619,3
1389921707750723594,3
1389899279490326535,3
1389943736898048003,3
1389927953098678275,2
1389805528705028096,3
1389922689427648516,3
1389900444353302538,4
1389898514252054528,3
1389914214903341060,4
1389834879144169473,4
1389903885142200320,3
1389933523595841537,3
1389938582152892418,4
1389766640540213252,4
1389764477059440646,2
1389688602821599234,3
1389685171704766471,3
1389677470043963392,3
1389663686147526660,3
1389702716197261314,3
1389721975963242501,3
1389744516177940480,3
1389715322119335946,3
1389709187425312768,3
1389732246928564228,2
1389741908658769925,3
1389710866204012545,4
1389722649010581512,4
1389732679671705603,3
1389659987480358923,2
1389738201334550530,4
1389696282017640452,2
1389650368703827968,4
1389689648914518018,4
1389695262025822210,2
1389631959853408258,4
1389609361056550914,3
1389704321210585089,3
1389604815009890310,2
1389674720728023040,3
1389619386881871874,2
1389629213062230018,3
1389637429527728135,4
1389665427421372422,3
1389693432206069762,4
1389632314095947777,4
1389607803774545921,2
1389719390216544260,2
1389638383467696129,4
1389714431865729028,3
1389614654779953154,1
1389617822943350789,3
1389621539889246210,3
1389655905055100931,3
1389625772227416067,3
1389621601902071808,3
1389715854259113985,3
1389629799866449929,3
1389680179891539978,3
1389611198878912513,3
1389710813339037702,3
1389625085577859078,3
1389710611949359104,2
1389634059576520707,1
1389653096444293120,2
1389622872361013249,3
1389712737526292486,3
1389726053095165953,4
1389664483723956224,0
1389607673914527744,3
1389663110718361600,3
1389630046676025345,4
1389643426719731719,3
1389627579301339141,3
1389611036609683456,4
1389634866568904709,4
1389713758491004931,3
1389712819596275713,4
1389619312122601477,3
1389610371166609410,3
1389742194916052995,4
1389704135558144002,2
1389646480563052545,4
1389689182067380224,2
1389718539792048128,4
1389674119164215303,3
1389702849400131587,3
1389433467767820290,3
1389583120039559182,3
1389485222627094530,4
1389591314166128644,3
1389410456582959106,3
1389587095535095811,3
1389584674750488578,4
1389478524667449345,3
1389560128568008704,3
1389434465718476800,2
1389545506758709253,3
1389410218539376640,3
1389570696888700929,4
1389549557495836674,4
1389414797964414976,4
1389520181819580419,3
1389545883449106432,2
1389460740982050819,2
1389427049115394048,3
1389423539460231169,3
1389418192716533764,4
1389592926561386499,2
1389509764007309312,3
1389436277687209989,1
1389522623814586372,2
1389587617499516941,3
1389588386982227971,4
1389507703018385413,3
1389459425509924864,4
1389486395559907328,4
1389499743022325761,4
1389462440493072386,3
1389568368185839623,3
1389491121374613505,4
1389421956538126336,3
1389415154157121540,3
1389427327176687622,3
1389462617589231616,4
1389427248860631044,3
1389449657558847492,4
1389581007603568642,3
1389494202484985859,3
1389593345186480134,3
1389424070706360323,3
1389475836152057861,2
1389574196703944706,4
1389571223538053132,3
1389572578340179969,3
1389464080868544512,2
1389586725048041472,2
1389593981735088129,4
1389557028297736192,3
1389471220106678280,4
1389459458670022664,4
1389313669104816137,3
1389386573192499203,3
1389318792736555009,4
1389399629742096386,3
1389297103235698691,3
1389350100288237568,4
1389381789370757127,3
1389349490348511233,3
1389315651160862721,3
1389319158689579020,3
1389275054198992901,3
1389371591080005632,4
1389376272174915587,2
1389305748430245894,3
1389299287918628870,4
1389382124453744649,2
1389321330613530629,3
1389319525691281409,4
1389373917479976960,4
1389362825789775874,4
1389321906738847750,3
1389372171395371012,1
1389372023839756290,4
1389286966898929664,2
1389305037164318722,1
1389399203512733699,3
1389335582296494083,3
1389361828287827968,2
1389362508931244039,3
1389279422482718724,3
1389403840710074368,4
1389280417455362048,4
1389379706017964032,2
1389281349534552066,3
1389339801342590982,3
1389338336674783234,3
1389384233018290180,4
1389319975391858694,3
1389301684023828482,3
1389297690874372100,3
1389375601501478913,3
1389273207979450370,1
1389330866149761026,4
1389273875180048384,4
1389284289154592768,4
1389280576721625089,3
1389320432902447105,3
1389399923754422272,4
1389410211828539398,3
1389333683073597441,3
1389273242725138438,3
1389280509331660802,1
1389397309989867520,3
1389342466466271232,3
1389340116510982144,3
1389347670091878400,4
1389351926039461890,4
1389272810728706055,0
1389327342741377036,3
1389403577420976128,1
1389383029580308480,3
1389380693604634630,3
1389301136134451206,4
1389230687371382785,4
1389262525313716226,4
1389123361335349248,4
1389108406380814343,4
1389208127837548547,4
1389160252533215233,2
1389258147521515527,3
1389097276665171968,3
1389254674566434817,4
1389229658324049922,3
1389238563561115652,4
1389239524451045376,4
1389147872239751169,4
1389108625407283204,4
1389150975542415360,1
1389263251481976842,3
1389178707240235008,3
1389226660747268098,4
1389265320372695041,3
1389100137528676353,4
1389192476662149129,3
1389067500357398533,4
1389201602494574596,4
1389139839849746437,3
1389078221333823489,4
1389103873135046660,3
1389122294778368003,4
1389262080834949124,3
1389186952331677698,4
1389132866584469505,3
1389133679113424898,3
1389255189136347144,3
1389168906284175363,2
1389256359955238912,3
1389179118282059776,2
1389186602518421506,4
1389111205889970176,4
1389265384721711104,4
1389111029095878659,2
1389265748959375361,2
1389109722498752515,4
1389209045115064321,3
1389183815420059648,3
1389238693806891012,4
1389264205300260872,4
1389253166529748994,3
1389143943070183426,3
1389252466567487496,1
1389109322618187779,3
1389253115229134851,3
1389214409617133574,4
1389195187755307011,4
1389213388597866658,4
1389196756424998922,4
1389245697900298247,3
1389268752844435456,3
1389096370242396161,4
1389160851760893953,4
1389251134460768261,3
1389245366080581636,4
1389258101321179136,4
1389079126003228677,4
1389229414857248772,3
1389224285919760388,3
1389221672608227330,4
1389173098142916609,3
1388854466460401667,3
1388948996811628544,3
1389009251343994881,3
1388969069118988289,3
1388850774671769602,3
1388896167954636802,4
1388962804057640966,4
1388953602157383681,2
1388861287434653701,4
1388904743322464256,3
1388899272914001924,4
1388797659004096512,4
1388896736429621257,4
1388889363002560516,3
1388869433972699138,4
1388865943544205317,3
1389000308328747013,4
1388822399706091520,4
1389055239731306496,3
1388990357015253002,3
1388796211189141504,4
1388884233586946049,4
1388861069058351105,4
1388808270949847045,4
1388951534612930564,4
1388871052026077189,4
1388862924018442249,4
1388849392925298689,3
1388991762820173833,4
1388831189428056064,3
1388780574173716480,4
1388854014524239876,4
1388806346150195201,3
1389056017288372225,3
1388901750883639300,3
1389057374606999554,3
1388814070279720967,3
1388975418569539588,4
1388968549096562689,4
1388941270299537411,4
1388943628190588931,2
1388980923983609857,3
1388818892387143684,3
1388786751771140097,4
1388775655542820864,3
1388900192875810822,3
1389029468069634055,3
1388794407382568961,4
1388852946419388418,3
1388987824909717504,3
1388911087177842692,1
1388897262583959553,3
1388945830531436544,3
1388776843755544577,3
1388833075954655239,4
1389016186508173316,4
1388924763565924353,4
1389065767233236994,4
1388884962267385859,4
1389002749702856704,3
1388874085086674945,2
1389024019744100356,4
1389038330109640706,3
1388782253484949505,4
1388852009693028353,3
1388924136769130500,3
1388895461021470738,3
1388903453045501953,4
1388867647987585030,4
1388990251528556544,3
1388603409629016064,3
1388602084187164677,4
1388635756692791298,3
1388660282818396163,3
1388709750116818944,4
1388515248953495555,3
1388683031620341761,3
1388537897679310855,3
1388575677771886592,3
1388498197606277120,4
1388751236913012738,3
1388488070744317953,3
1388668609614864387,3
1388673077538590722,3
1388570418567598083,3
1388536040638623755,3
1388541126567763974,3
1388649910275387393,4
1388589592778100740,3
1388504801793675268,3
1388633284498755586,4
1388481838944067585,4
1388476421975257094,2
1388668801567412224,3
1388547485484920836,3
1388507877271392257,3
1388569494226866177,3
1388573342588932098,4
1388734153714126848,3
1388616580288946183,4
1388562291432427520,3
1388682974342778883,3
1388593220175736836,3
1388556892960665604,4
1388618996921126915,3
1388601973113561088,3
1388747969495650309,3
1388537621144612868,3
1388637008302514176,3
1388689841076903936,3
1388642232446734341,4
1388462206732353536,3
1388492987202686977,3
1388489666576281600,3
1388475881077813255,4
1388743317760970752,4
1388682121259200515,0
1388657753862848513,4
1388650696245907460,4
1388472746062094336,3
1388562849383989253,4
1388634742765985792,4
1388496381321662473,4
1388746930172350466,3
1388493332741988361,1
1388592899990990849,4
1388491856464515075,3
1388487877697363970,4
1388560401739108353,3
1388657764721774592,2
1388633493458935811,3
1388649120328560640,4
1388463789012660226,4
1388670642032087044,4
1388555398400126978,2
1388708849683734528,3
1388670110924148739,2
1388460893470695429,3
1388653512570064898,2
1388608374992883714,3
1404575352899391490,4
1404532156853067778,3
1388458122377940992,4
1404556092068278278,4
1404569477828722695,3
1404574657659953159,3
1404577539616432131,4
1404538474984792073,4
1388455023030546433,3
1388282107269689344,4
1404554043935145986,4
1388288402731192320,4
1388307248921841670,4
1404553191866265601,2
1404546390412365826,2
1388351555099709442,3
1388284662452158464,3
1404578481183367174,4
1404584294308192258,4
1388306919727804417,2
1388434160885276674,3
1404584921197268993,4
1388314485513879552,2
1404547955282137102,2
1388322827690860545,3
1388305982208450561,3
1388308341366083586,1
1404582674401009667,4
1404571861078396928,3
1404572794629799939,1
1388396652159979520,3
1404580646492778505,4
1404530252810964998,3
1388282034355900419,3
1388307801127141380,4
1388298521162379266,3
1388307173579673603,3
1388417910868086789,4
1388430252838473728,2
1388399666006478849,3
1404573358885412869,4
1404583590667640832,4
1404532320330190857,1
1388454053470945280,3
1404579027998887936,4
1388448936394956800,4
1388294083051986949,4
1404587271622430722,3
1388333509631111173,1
1388428163072598022,4
1404553663046115334,1
1404530946121031680,4
1388314468526936067,4
1388355723390865408,3
1388285542643666946,3
1388308567866974216,2
1388336492603453443,3
1388402949743943681,3
1404557115478392838,3
1388339590700929025,4
1404561487600001026,3
1388454413925326849,3
1388346669331214336,3
1388329960331374595,3
1388321087067496455,3
1404543245737250823,2
1388303214597091329,4
1388314665755635712,3
1388331370175475714,3
1404534347642908675,2
1388316602752503810,2
1388323258580144128,3
1404578892086759425,1
1388410147152801794,4
1404411277200531458,3
1404468472336191488,2
1404501352307363841,3
1404299600459177991,3
1404427020222832648,4
1404448734105288707,4
1404387212771344387,3
1404450986672930823,3
1404474307602833409,3
1404450970382204932,4
1404266106680918018,3
1404512923423178754,3
1404432310712287237,3
1404429125067157508,3
1404326166685573120,3
1404398902200225799,4
1404486131014463492,4
1404460629914705920,3
1404401937072758789,2
1404394274339315718,2
1404292798925328386,3
1404505760323735554,4
1404329768141475847,3
1404514581343617030,4
1404414536569008128,3
1404357806992592898,4
1404484746705518593,4
1404446779110838278,1
1404355228393259008,3
1404430445924786178,4
1404514111413796870,3
1404528848138551296,1
1404470971143237639,1
1404515665956986890,3
1404471874063568896,3
1404314475075833856,4
1404441590098239489,3
1404457194737782788,3
1404506919818104840,3
1404455897385025537,3
1404445447989698567,3
1404277782536916993,2
1404418242949521409,4
1404364572316901377,2
1404434917346344964,1
1404286336693985285,3
1404520223164702722,3
1404409651333042183,4
1404397934054100996,4
1404273544389873666,3
1404416802025844737,3
1404485062037368833,2
1404279044565135362,3
1404291928385114113,3
1404347542259781633,2
1404495098553896964,4
1404438792631734278,3
1404468146493222927,3
1404447280636301322,1
1404394699016732674,4
1404442117813030918,3
1404237742414905350,4
1404080718662180865,3
1404020674683879426,4
1404223787252465665,3
1404044344856883201,3
1404175353363451906,4
1403945614145167361,2
1404062834737106945,4
1404202093892808711,4
1404250933664550920,4
1404061636151844878,1
1404227445163708416,3
1404208543692210176,1
1404261571723894784,4
1403934884415131649,3
1404131588170866692,4
1404128595082162181,3
1404064877837234177,1
1404186435201245185,2
1404094526730428419,3
1404224425474490370,4
1403992564626243585,4
1403941077334245381,2
1404244101495615489,3
1404141094032531457,4
1404151893207654402,3
1404241893819551744,4
1403984198868865024,3
1404068438482509826,3
1404039086806126596,4
1404205030903795718,1
1403969543685480448,2
1404123285940473856,3
1404102403599650827,4
1404214702733860865,3
1404035899063783425,4
1404137915668647945,3
1404159294577299461,3
1404084166719725572,4
1404042368173711363,2
1404202138495033346,3
1403970402125221889,4
1403937413077024771,3
1404127392587608071,4
1404253578370375680,4
1403970434761072641,4
1404024743427194881,3
1404189246395752451,3
1404199067211735040,3
1404056039083982849,3
1404026201535098882,4
1404208228251090947,2
1404214741334052865,1
1404138939988992010,3
1404168299391422469,3
1404090747796832265,3
1404073920697937929,2
1404195384176566282,4
1404226727103053824,3
1403941170854596609,2
1404153812105924610,3
1404166192122798086,3
1404179299603734529,1
1403717478564438022,4
1403611134716940290,3
1403911984966365189,4
1403774280991752195,4
1403799193186095110,4
1403705004100358147,4
1403912195386138625,3
1403857082596704257,4
1403671277412421632,4
1403756276585320452,2
1403647343472283650,2
1403712548965261321,4
1403735890455793664,2
1403724709699670022,2
1403802838220771332,2
1403879525159784451,3
1403732903343779848,4
1403734928198623235,4
1403636673737601024,2
1403757082965315590,4
1403712544523554821,1
1403748073365381127,4
1403860524446584833,4
1403710957772230664,1
1403757088048914434,2
1403892273998270464,4
1403619419796885506,3
1403732461952061444,4
1403899340758847495,4
1403624916273053699,1
1403842604752584706,3
1403723303060189184,3
1403769929384484865,4
1403616079608520704,2
1403876359923933191,3
1403678738345345024,1
1403720966694477832,4
1403628728513556486,1
1403821023573647363,3
1403617400138895361,2
1403795210757361668,3
1403742876840890368,4
1403635961376956417,3
1403687811572813833,3
1403691488681336835,3
1403838469634408458,4
1403862659448123395,1
1403740775805034499,3
1403891203511406599,2
1403718648607526917,3
1403879663454154753,4
1403728083404918792,4
1403873540248506374,4
1403697594149314564,1
1403625260688236544,2
1403770179293650946,4
1403818737501884416,3
1403795799448903686,4
1403748778352517125,1
1403668591384408069,1
1403787739728736258,3
1403490728970534913,3
1403268990038859780,4
1403296253878939653,4
1403269073778118656,2
1403188055708618752,4
1403255376154398724,1
1403238861459894273,4
1403391414109622275,3
1403198420643323904,3
1403556899774156801,4
1403374971804606464,1
1403389058894663681,4
1403297358264295426,4
1403417603406766084,4
1403178467181535232,4
1403540284324057091,4
1403313597263011843,4
1403346058340675585,3
1403424940284596228,3
1403479630665990149,4
1403509629133393922,4
1403392105943339011,4
1403415807514877957,4
1403254110921580548,3
1403189093559832578,2
1403343641796657159,3
1403371502620135440,3
1403327258534756354,4
1403423607972372481,2
1403190783881191427,3
1403537602901331970,4
1403334594800279553,4
1403310863189254152,4
1403334754288779269,4
1403402136164110342,4
1403304176889778182,4
1403481754770477059,4
1403228529869811712,4
1403223751928451072,4
1403198051167125512,4
1403198353932914694,4
1403295482982633472,4
1403421272671850498,4
1403446174477164553,3
1403448988787888137,3
1403522064611426308,3
1403595294919598084,4
1403285037974528001,4
1403555398083284993,2
1403519998480601088,4
1403540123942260740,4
1403210461655580672,3
1403216936024952835,4
1403446984036564996,4
1403411649168560128,4
1403567713096802306,4
1403556618567045122,4
1403409657314557953,4
1403594452036460544,1
1403242350512640001,4
1403398987810541575,4
1403341179555549191,4
1403469176417624069,4
1403296799427751949,4
1403444397857906690,4
1403502034729451523,3
1403463416979890176,4
1403429815307309058,4
1403314772486012931,4
1403251463585861632,3
1403357367958376449,4
1403177067512954885,3
1403385118576701441,4
1403384383193718794,4
1403557752077684742,4
1403140841867251713,4
1402758127943041025,4
1403118605399728136,2
1402950224071458823,4
1402760432331407363,4
1402873278859935744,4
1403005733105332225,4
1403102690981388291,2
1402878343893164033,4
1402894780774895619,3
1402779776381640707,3
1402835499039948801,3
1402886415902445568,3
1403102276592472064,3
1403141248211468288,4
1403044237227220997,3
1403056527930445827,4
1402950282917543936,3
1403137533022777345,2
1402834129247428608,3
1402975604652359682,1
1403141490654814213,4
1402843599008579584,3
1402910038684020736,3
1402908058515394561,4
1402787688869150724,4
1402800302760337410,3
1402760332968407045,3
1402939730774347776,3
1402929365789274115,3
1402874738851123200,1
1403167654970593281,4
1403103381057683465,3
1403123795787796480,4
1403077215982600192,4
1403157034812547075,4
1403130288440590337,3
1403127903253106688,4
1403126671499091972,4
1402855192408756227,3
1402773556312817664,3
1403156348985020416,3
1403100678126440456,3
1402771861763657728,3
1402890551415001088,4
1402799094930812928,4
1402775497071861760,4
1403128854047252480,2
1402764285957320704,1
1402870779130220546,2
1402824995785506819,3
1402768268562108419,3
1403075034780823553,4
1402804399064354822,3
1403153252527398913,4
1402997673179844611,3
1402998779922448387,3
1403113339450974209,4
1403008788806914052,3
1403141286077501441,4
1402901948156813313,3
1402981689832390658,3
1402993457145081868,1
1403025130586996738,1
1403153992125861888,3
1403001405242183702,3
1402840050317004800,4
1403156832697438208,2
1402873045014831105,2
1403126589467074563,3
1403089758977282051,4
1402955908213313541,3
1402260353216622605,3
1402344061516791815,4
1402155624926912528,3
1402710883374075906,4
1402591417730486284,0
1402273156681900047,3
1402706852094353408,3
1402370049902616590,3
1402739062654615552,3
1401990750598881280,3
1402622943704846339,4
1402354068673150978,3
1402747859208859650,3
1402470935865688065,4
1402690077550170126,4
1402561394906632195,3
1402682711102291972,4
1402414920423985156,3
1402120702514237443,3
1402136119165153282,3
1402541121209831426,3
1402734551013675008,3
1402253505247780868,2
1401973950691823624,3
1402739351595884546,4
1402678037418762245,4
1401977487010275333,1
1402417290340192259,3
1402575862508232705,3
1402632362379386887,3
1402102355768733717,4
1401956778938613760,3
1402729996553277442,4
1402746903167594497,3
1402197578570158082,3
1402568485759242243,4
1402001385198166016,2
1402578256356810752,3
1402320108840697856,4
1402310609056763904,3
1402250820696088576,4
1402042961639084032,4
1402103526180884484,3
1402653833705230336,3
1402471143198580736,4
1402743900977209354,4
1402378067436314625,1
1402517058840039426,3
1402636180869586946,4
1402305526428438533,4
1401956869598552067,3
1402345985938845696,3
1402005468059418628,3
1402435781176795140,4
1402525142450847749,4
1402748784325447681,3
1402685675061878788,3
1402176326681911298,4
1402630295833219073,4
1402662659338633221,3
1402229331624083456,0
1401792917392482304,3
1401907445971161088,3
1401768298149257217,0
1413605731258019842,3
1401954715420663820,3
1413589453835325441,1
1401937661028233217,3
1413604414728851459,4
1413601243918856193,3
1413597885959221252,3
1413611726663143424,1
1413615388147990530,2
1413599852064395267,4
1413594793834385414,4
1413601587101151232,3
1401922813330612227,0
1401735013935292417,3
1413618284667314176,4
1413600946874093568,3
1401895269680267272,3
1413566084028960774,4
1401867690046808068,3
1413606280036372486,3
1413583551363096578,2
1401838148498382849,3
1401917993161048070,3
1413564740274724871,3
1413613482889592834,2
1413644634610454531,4
1401927944159830016,4
1413607162274881540,4
1413582234683068424,4
1413645867270086658,4
1413581344198774785,4
1413587174725931009,4
1401789298408660997,3
1413577374164295681,4
1413633247213498372,4
1413601036003119104,3
1413565347077185539,4
1413596491231506434,4
1401943476195975171,3
1413577188952223754,2
1401875298371653639,3
1413593701994090496,4
1413620704344379393,4
1413625910021042178,2
1401696812226912260,3
1413644011181543425,3
1413624946186670086,4
1413631420061397003,3
1413600900493496324,4
1413589999459655681,4
1413599605418340356,4
1401815414808645633,4
1401715748075081729,3
1401867904476278791,1
1401712356334485507,3
1413578238526382084,4
1413642809022746629,4
1413626442647326720,4
1413567328420200456,4
1413576437018234880,3
1401949192340131843,1
1413646767132975108,1
1401897180835811335,3
1401849292155928585,4
1413519023388700681,4
1413264169969848326,3
1413242728113127434,3
1413311850880540675,3
1413540900228288518,3
1413526859044855820,4
1413542327793197058,3
1413542298093248513,4
1413404641358798853,3
1413493973050667013,3
1413329169304461316,3
1413488137582653440,3
1413301739411972099,3
1413419647488118787,4
1413298363995508737,4
1413525345731481600,2
1413353854683516930,4
1413347342158237698,3
1413320229711663105,3
1413238673240334337,3
1413564060642291715,2
1413305637627469826,4
1413538439396577285,4
1413544262134796298,4
1413481717915127808,4
1413492797450113032,4
1413264061953937414,4
1413327764787245061,3
1413512913793421315,3
1413542207555088384,3
1413516489697775616,2
1413454122033033216,4
1413450226497515522,3
1413517429205082115,3
1413549416875798531,3
1413393173456605184,4
1413344124783239170,4
1413324495553708037,4
1413552858037956612,4
1413450026051940352,4
1413415881057587202,4
1413496861273382916,4
1413274083735838730,4
1413504876558962693,4
1413392810506702848,4
1413387526946099200,3
1413247745649876998,3
1413470765106745349,3
1413555777315409921,3
1413295347636621312,3
1413299660110934016,4
1413555171880325124,3
1413395060088098817,3
1413237686245150724,3
1413375787949076483,1
1413510533630750726,3
1413449771025526784,3
1413386131492724738,4
1413177786861240324,3
1413147565072076808,3
1413175148669280258,4
1413168511870976010,3
1413229703754829824,3
1413156722848399361,4
1413206443486941188,0
1413193579359522817,4
1413116134841372679,4
1413150815854862338,3
1413088663886573569,3
1413093691456163841,4
1413127891701862405,3
1413103620128612354,3
1413132268760088577,4
1413110124282093568,4
1413149084093882371,3
1413096301034618886,2
1413161330169847812,2
1413181401957117954,3
1413222887113334786,4
1413189924409446402,3
1413229608292343808,4
1413169951704326146,3
1413109482918486023,4
1413235253708210180,3
1413091144376885249,3
1413166461703630848,3
1413128338777026565,4
1413182636349181954,3
1413112289935253505,3
